{
  "currency": "USD",
  "sale": 123,
  "percentage": 80,
  "negative": true,
  "coins": {
    "USI": 1000,
    "BTC": 0.03045693320,
    "ETH": 0.14666666667
  }
}
